104253798092842846901573787046204940090404382385101417248523090069103124325317086720777719061397615000819877842171915015225415065843402953715750779416165926838443617949001894602229324063282204498144657867122349697105686265677041168356418266752030600314704029847717228748758079743514177119123629040426159055739,65537,16122377339075060703838294882482980115297441376215006237908075100330502846286657520409572954014752399916222316102542970830364247559743182262067741913367262501532071185227157745854390106069360017713481942478912716325312901473608101648556728625985720790757835541885821632725269506354645061587093814473724814353
118741068965088353868866177684529027764117161012746724700044133812127195627709455964383228384315712309633367785358151814194293955129338495579176743671526724626381985953805504064936045479004922613158711648222728785988101764264898135005200005388028833130929651793940004376358041379181222299283621682304787113373,65537,70691674745729165248661849866751134111609613977361474550583974990429326820061031834877098766663810476295300530712712045629472927465117415841627430657906400204988867606989233087133540750765452660973910237044311402114458041178954213133780467537694175681208435848522282790489330389354004338339429248403488021121
98589247174165580950405379409800764535126676063667931933271989456216529870651711364792806758249825991364362656047373893802800863178280213184952738333997131279069249833369845524141336601234279537819107619603321426828171258474381941392109818148950293715934836629172475407706349957179541480315565987647368467571,65537,12684506952905445451787816945899874064424495057278300838630840824188134639506465511511557541321124445110156185296724852717475881995197503052863591050478059266303749489872895096159521686706534279922959411619872665270398070298418782975802269428214652353656437432091181913413409422288618889930121119938299727745
156766935574702735296945326984113460824303940023015454961929638177266694741855283665410563992804856904106841441389805019962900159235398223147781299010973096535013264918625463341741054671480194322819124970405784410771519460725439149172208610511303619932741008412014217423139163257796370691474871825473564046421,65537,50751851199909485249481804211696221955677810938375557439725058107741694956100272419076490169451464805139613574957161498215555376024191587965980661783397017079148628612042100886599020508986174983686790113029022627996459503930814167166991858046939679545698169832632125161844102629225654748392827027370205296973
124553475155053284210373290585449081651645321034987178355011078726575564737340539711935521472900522167203298945547508102192101049449165152610182325717903432967860484338753959482780981911197221884506442977102478843790061735343624177050791231527284379534348837226744187555244269346786846626488717489176839866141,65537,31185406317336303776614970554291987439489877059723585297272941862221011669362664084916153803940135621734881553893053701708503381607509513544722536895409130634216005433847319012939027782583191600152001415235697735788573586551789854651839923799600506126963817127886521009220845524908308431772242214637786878461
126294513829071853269869488876304067521001707575528370101888992739011832594102955989355047154767313052085467076945206742414269863442900326075367484720165450723589866660252381428047715392535018555173583725031248845417277702696201584151105013441520881678413994364614185922988640717220295918338597138872419081267,65537,79466665650997696160788685975741197069800988987778863815731516449923416401163062028061004921206947042569058788958748347299040944181071467207377927050961891572389107663865809542943424680688057722493308062246123898095820249180635474014600887103038807179606535837630963026516837975262079577036953645144676421889
118037108218820994089767475660732988731330297370006846334280289998410507684617266523023389778438345257333167196598425729454401304274174652924647974386614555802324421828519222110150668437284350183170022122347117438563210485187061806197642769619590883670851499918254388245430733465377724231770462727601274764963,65537,14716590799944860806986740980268386574357994107303140842537867915483044055892208748640067715635743459384306714732223578060819278533107726765755194684382790524752516380243415731258367210480412151768734545195805748953776197618968572683927757713364417015863256230486808249964843236126233086691663768586816547593
96896497516486755595121005928129807963399178068197850200724705887508280560885762553949992187608546094005106359091745413825197162378398377458218294363147782791889617656596793927237099883700726303341133732099392234309387969729054640619663817464838826058482492107181672985290161429654507076909237118047864300291,65537,12548035070607795516056456311885464396987485302421458941568130656991970598596784515546539873601686538898962992959879813344133059448944367753908453764904915768348366801063993108941081290720573748656591912084578971512267409476217699719675042556184282407705491800336326164944363261627578955559333956899780215385
93137526155065259642880112221672068851650725194068454547364598538789121613174222163504397849454112230029729761211059336130994511504409415416375795250235288439491779603713605437954432777116791142054596949289770504691972249919345932418784840731775257679931718586476427339994871090680577144336514119137231847161,65537,14029535349540019274524504750787290594679279782654741341403837782854360263137707267621578887800952071880822927547424779380886793987694428322786540055100583178800458457024160717551907217951906907201280322189333129773822264596266993508940577536392837740784289243115913280480332519721266737515371705335121673473
98043734796235002685598933538658462286383217222407842403768924115362815485665132862410154157408613783073073259968184715804367458495150063098834193331713468632843031190750623807211557433367317569176292400799376948583913571494280200772990476881619334174160673772233470098784041672885809020926533161002737486273,65537,45674554329063748218472329216607130507431924027912993216495552469080704328743185855657787457159198428536612901110649672066514226701182943626813946607914171260309841607758732464194527585988381992036631146321499963205826033254264899883713416204035976028748856909378402129218976168223676390254165865369182246033
124069915541060113077189643933968845010768276962245233726764492478576721507402527728575465212642885306432078788808108838121834415729911650134926427639962226559611916240058776290403566370670552808224128351942389701270949644554262374070074923445328068988705465041404516890943786044311485347301815577234052634899,65537,82091700071821866783132803300558326231013699038922136657059198427583233512756089077837220165949516083171555495660253346162886701699744554752289740812861267731296619629745865365020370215132330175632918444244245462228249162426166193800443089317513560944875251021405774031738452028803303475256131598963398202673
92950394837986056677577947562403937093643985029735622539637209548807477865465981675385850932103470077032634097904966413912717625142272086680128125687629737077941791270862721597408092840408987277971795420450661479623965317075400794283610369574505642062747381990920364404115412682965215715366799384069377190983,65537,66622699347232205111197438222627867327415544696687384731936437147652203568249981281101896053902809152059614479072705377529273505400507942074131207472007680441032438127765590184779939346354159008588529578834474927211241068785621290301093081947794553817387800861052243136016447320734151971495930435419082780433
124839675718158057656708516981784314011226085576097866354423361532133428773289314758875745172524800855409166060641907902791127377700681377643204448265922596446563096168105181859572437435666626721839147501751126781328194870351156656945592898286843143190716991170120606149238915590678254979347898550738524698577,65537,22692754578793917037160208169491989758697168888842239984745189830665204952564133340288489742287378924737009556135115260783232379427624353447113753099214468648173014498009389439493525677886078802429891752867007108124059639944798367027339429747828737962951765861517280995016786679219848547049058032654028917893
139492654976495799711706365468684725162941711386014774802591685670317691906067133426535234071666163831934578568412920025276612619890234128048208392116553403881876148812903564777036872287906276701878952029707888110246643666685589846329754295395739802310466942324281781655886431170115528585413594864896465589037,65537,39191269909855763310674112446021207019321081705764530699301474102378193403213667512745369256474801633236361065965593427001819860079632589220618279286803028283595182652700384328909247778988802463620269720683655854143757949689603714708228110658926385313564461896751992702101227745156260288702645064879941040033
97678105185101709405568704467046765699177747271671546352153927914710483478519314719888453646966111430328444126246305852820458205343397097118933310771357433053920184407313925894352823726942208867465406111636443425396331023884800839151070292364902181760880070292161612428678366246995898509960689838165836177469,65537,40086520851709653724951948904369895024872738920287439319583320035919452578516799498086879919569106505182016772502870778605353371239391615791245082662186292528960991161210494032211319422438111144588608670616852996618663245766381255316204202500206307145973143980294076293164692162393939599105916169667218811393
137764145878244499659256236527649522933408694015409010345139081561803284581118148728123493195739193242626493836043150969293811950765410875794020876140839710345215936679707871985467952093581347717579577918707105682837934543190330562737073669298133878255837519865633598005106409269825149023792653580160018681857,65537,104969565109419371270955634637604812200782711206699487931929523427532673433979521108497104783899665132120734794034679445239418856118247058816397211359406453544227127392243349411296294740826421503781951298506784815545792420584207609304916197532635718350784520525403621996648954539899703704440984273296759536641
108558600476508911695255277842636409487681372527175800864955748198309427767821153406588281868198736732319934361443222317895911223037573823518442115128974816204113329127055852318168208608302914448736509472352421898926980079639600981855098770638357522033381856073662424880133294128136928886906081727310817956361,65537,47308140891543624487182671394566364877369730066621006037858555755431546409646034168365371166757036804782906226449462584480632688862064305654618084372414622521378401637932852379610055749154277556818521969633788604294655738648729410897421738089390986462308443309993250563798385951546886743339506530106234496833
139231824945071240948459063048904358474775778073053074783180355135364494497696479619786213555134974605973280429276130016015725236651884101183898898594711040960857648381181869836224035712508902538814980464546647615811253709541130138337647992571419004206238127469905671265346136422978446786281292980359331828533,65537,34357036071405345203754825024442395673498541022588985235723220520455843340658673244292272237265099246651508172517105980118197484278106560940323970908285268208527084254265881528752710535906430827421696720759337700814151488211042682538580279315394231498948470425845810842757227673873855184688151305654543566481
101885936238870881750244228208812809792804678011344235858408841258749904385093151013869081130493811296011442294972951671426984038617687872956932048605852323122109541332865851856897832826908170958838028576340817948967003673585745182246698346430744019685896355364444375590875242471105951493514568698974742717617,65537,54594022047094446715951699986402786845505926083347964213188630521438582667673469706487030563796804420129603415972124812632580046143969742811367341829567691323004483685409870795436171863161834244843085603308169126727817868571611227383520900699700546570708676503929103650984902209964306889495569852814281988069
98242444364791396211515296621295274416839376033313260166199743047999898281192725119271461298316481605725567580247661733355470176134074769960097958057701255075435415438890904638678788003472939050904179074751909981666150111019405134503040663948558722797138729390384708789022251390461508377904911174267518070261,65537,48421921019752074102024308580818163086695233602821077099784611745067560527321778641114282662590887419749870820714405134669704100423926685982743842629322010407909602286070027472803290627864773039380883424174092170345891237049647326896035107259910519979174156059555783463222661322297462789083282151110622462273
127977125743543500244204575434147434815550437935438744573718953430535187312331018284996211328748672235262404215885095553950775557812269471079108863348645292822209529583362382447379638896177977872864692671599491356097599328430738147611161657059017987351592662104357233146494251459336872287664881817485656204729,65537,84784333209227942896423001605197267571319543376731913451969567115476399022335293832460526167990751043084411343901903943748337170897250650705902723324325627326048889881397613987911721119987251009456681678091048529097930102983431823735961689246097364505811682922805363289381986076616925987519949191722446945193
111505611346195147494456404913425822967193627561521924568307482728114493247169225936110852724605169047985184025945081694480379437132848795417878490241421176172061155899308238578241329018574361581993863356484381140041057769470340413960771992119068036340849144266424454019968979662965656145322280510060109842991,65537,8687423158424591041803781123456249936226721734731997907224590793135978188199735533054335932554648414773522584745648826342628094145296945990870612161711925577112859260259946051743876970531938772006936728514501199431577540397514420180070468962904206276363117248515114980946829126837041068799491702691319731873
101955504716999470279964364149625863918805833114295480168731357278352691635242660199754446688239152187678321076910769344350873345816907860781440726693174327268908557418707992804383336200176935435041072757484521739115399693414719333770566588872064204644802529585091744129890276331306989080210679068960064474887,65537,6843497036026682175893971922642235307976057187081889883001193839624540191089498485111003112464165745664234469342973806335344795279743926020073509291360910367068671253200256393112550291298352758733129530266416968227972775735287292265095878369626299445364955245696899597892980581733139984928123569662598803713
116302073255053441873408334599056354019302609318385636275841378983191767333603531276073184615499601882595183317120013840074662704175905821039252280436688011881341470003847359060811697765749046085738396421318567155647886777305852924617564050301615012393203943716406258789897214758816828807955385607424298829717,65537,82471065968568878712527359107404152468667320183306157966449126531361994038399025115475977060837587901335824866815972705338813187225031222380596742578704863628522533260340817996107353629105817539501273756679586566318586450509817568125667301636622316447334175710430904513619002126345662753537276051024508075277
96787980570336202134594027987936975148132740414191351209785203113158750816492165741153902621097133439975120206438106305584956097929700833406157923747979012288360808788140990013769741829209208265760303806308110808623870681313543215078737304846335560130362252425404024095888457420812135800500146430693327969489,65537,26887437237950179227953963006368624891998484397832792775460417899479198275249956047476203535707988028261700085118515699520571749071640956604551785504198771066275463497225761162453820762846498932887950244168627526114628893807922242784298514329981493135752197450404025334092104885535971627617641218559324479801
93697741039033600312385315859183924558130898022131387306895192026173838284319791561551993441551730560763655742025512530419415877471079077357995223575418263353196143882512463707302063524608940987125663226975896905690796958749109417503195226221180864787086139563943087744766719732898012020649260451829826011033,65537,45345549117827009187297634360830317762641526047392178635164789439464052807784470283316974777388288115045560052639321008396975958401364345279209200885824385355717539821749224254890166903039533802996146112854647781759041210584667112934113463317290627502943019491545012792274858639261448284883263962419768551941
97597452256310669197907579828220161768277571217971500261253281457800403760436529150924899960159043724539075092350279333926053298812105949252468035715827296766385277543817775969895771983256579372637578907688792453042163923218462849444183212084963058610316410241814900404488518751406622988933779112149389090131,65537,21831616492630337220826786704940836039534143980582910322870639580257776815051032506104323258860362558581302788559975205385598079872216812122025434151377400847970579261666729318328532525752564170884452038820670755618577437318381122535450071168884390430851312598938601671542997534423909931732756687783759648033
90414154468177204346567481861811890894828195824176943089120237100575310067320808044496428117364291871801095973852175119300895727388501741136940137547525702263042923841591941616343879295643779297723584802073919916975591974876743250527564717096409755215033378792329224373918405228967852704744480164811810919321,65537,21081506544825302647663116870322832976240439147187815544575527459814933749465634187221720830392659781390551102071121473336237356153374355040871287092369267833297077335023919513902837713591156765412311734387171620919604668856356583270107362647677142276984706304929991632786032411705273181836994180916668919589
93770309032694907699509093663980761419576497356216595852454343616884256738533735736855392343447316191684008071789268815323576247713895580402121659575250807548006934455879014266285201459963480527863945826643063569596504421482534593863147248258835617493508995649042047848399861335831456954655652405744725871029,65537,31939737988263857432841623782917169494624504485753438045902899317327727286483796677507712029582898810549187667829651155293470750533550376753842269298161359436193318997856749695350879365215676072792055398745952258291155380999459661249710846558839437258410777409044642474625566654348975059228397514888905704933
143904344686192065116246788072515123805301469718343264564409499133829616954018370547031275274919318235132219670220269405006323222760708833926114397061227151912493155899063048086463135172639393997954939663990142915325915109098754306554824349080045163061776167254590054023531648281450422822156290558921430116313,65537,44394129131108094244781994312374853488801518451645087858205765498691841182482314047330184834647890139583795677136783905739015257301616052067048839702594065994931880390759382906164989179642625704107473787010258661481667004484791873694783039483756501815756815582620016263937906695289865965182746737935220704673
152354440800256196658216045184545777709636554634764809250804125370376563213649676267456378552443223698524395180729684517437981490694463159372869007801979178141615116379226279445042545065584158495973194825876363433930486727143207422187458762402740545722304141586888829377618604037479236879195672851940944223661,65537,101654866522935181156758338401663453738910649878221395225890150513386733542982941602809596431652917983567675549124122931756535310207783161161737854821526277640966196517068908214892426161558521416462220684602199686884897923056836158449903951113688446711481678298928801634442374289200008208491814539699768127681
96289318715893277389312979210300192969759486995074829043836639919350652359910919348033955582461923327911841275782417333870171227323119138026939528358858509671591121404989395578996281970881507057618444345930628491983261005404957259902852745533901936980237503203429728561419845091893260274421199250266791743999,65537,94495381578824054024002526372730933839557061897481311393310608252635252714955379232924178513536186593191296267653721611382790372713333391539750665307297681699592408761339282884773641250220818767073055137201664777796143518735305943950836098778602931020677798079209608825117734548865334637501989920943248367521
152043017024121372478830089572008839386719048619950411331904913384500652176893559045439545076825580422547137570757240559151122074674674029129391456454466864878188559120135604073809142009595430932371134186011433832222720878092929632272830697149122127750035842946233878541009042764151389702968984439015265575233,65537,131861711729511734881849102508412628180452832529117009922376847688301998389158431252951658804593013718307737693924043500633710369415126149620158816165856294730168695673055626998129456396751646183993468220006949498843231157436232182731994456809224706102092888872482096674906080396195565574905403934183137749145
91661246620266113330459499129461921300443002946601419199176962598510760208196857850989191794376745710619514102613991724131738007881330178357862953378253693353701114669061710606588048950957074151239160569406802751296518616760430920911279433351848260808707284790041184872350900167053681372920957662978253232739,65537,12503647478297435848059995456267292925003592571259238104286770002146668237198527689516507845060471285730784992864627401524905592115279793010349793586850417187071390060450174349437096317560020214022647707893919035446422389935931429242457965056851775896585238601476226416373894613074762823563935004501627971073
122955385909773871691378063333886646605198460118620974663264986022173902593427634450924116825775437654909727635758617132947414332359075590941878443520104998678235612244296129043390047200145734152396595743055743238526140569282125518194544243623669441651548112846959322303433985791633627099681294272970235569191,65537,105565614147293226915032132500284325360961089979012847740247405793607903186398311416216766186318145871285846996488485417957567628258548077438967514510173488147587516336711573488443559043683662128698192887771132607924254651654901817206098406302650597162930533425625362923506965198419992309358056192732025402721
136532905229175610172684215052042443502083391111176080685474517138729949371668848039822821264991989684480720818618828010752241870232384218222106674511239827494362350158565175215302462430825585471111767728081110692348149703370251645998769905947236046850355883381348482146888603032204727072832076169396862173533,65537,63269669527290893402878062943536155288741818942679975745271542571421159992333840654430612963941082544481430203723908733792294209362001750269395581718650819996936898791045422290900119646262688085615610932394780488690955062775219139799948740548730375681909657725530610193061290370633433297056001257150263159353
136703600004072851399085423518432221768058027485488971461474815267419525379286188828375475244025399208138593318360799589626869740054559174783344646739452282465993325421262462013153134495624280266618582326579707771687610217050346415627953667989269163164601627680796228205985143124168030131129678298263898337439,65537,117757374225703476706043433469789167152813645477604931487344541573567631807409898288251050237670474493740271101740094603549068530830524492320657580409425744199609597798560400565451737785273647313930647278193014493329819657844646801165948130605437706780293468389158537145714132682344062040394583456731563199713
122982564961281856103541807186963291224391260664029077059035079530047103832648956169854282812863515345984059100504187257915350013338324945696516428245368588243458050270314196638153956124978943874054748459884906231988881754724253291824937247583841164382034453090890503064193228069521624055831180072444809780043,65537,52539265663456816869660855968698570695950478600965654508123108422452337047873803726804403774883694747346715392769217920367334020071813202154676985377499822554448871634486871929347408512989502915877119032558009887168801485597107920487066965641183799318473360037054813068810124654558755038511896612469692170193
125502335938818476883509106982497672948763030874453491875302666128056542377162714164100005760738600392193798175348355761458447462519381467824838134728270065648766458689003876917405193291882170337851567156377438141120757548057820370585901018067180739355915986706742131097288206900541858930753991240921352732803,65537,115126950185480385305395181388845653600358341900625135084781436210882879460040056957619791054363854265198268954998974625373764484172340730643170138782836741792020704214770532587117332031948860051242759202759857966207779360339707564277802099276288399898395655280365474793218962519005945173988897677607548263833
161569848565048954519851009385665074962756210752044217766707592015691113530102513945108071730004494428299900796122830183433853475849818861460755726916432223534599938873802437635515939163453110507779410989719409406116928881293251647723677845628799358763952993171513158009326079691352681842951034896097831120043,65537,141270382109693764451394210763793975778427745315232461215582726479319283437073170218296959493788967212793829673622938767433817625564523402326711359708495736426549048508367542018720472786107344424504608963202396025783048926804313612679803602367808656747285402068918309479898953232528307299552529636806853982113
92209658852065461654563590561610799183461257680224009804534928682395310689273397156411298507161372101401808465343103686427344779444574605982725003520591859668449736720732690912897029371536426166250928489114333510493847995157806551599917455578224325758993558693209967619140663716584856067858503538552501801759,65537,90469216842208358398895873676115391114890197427993405716337273819033804985279757040408418054083589821324385985345096159990208116305081818891453906940448011392701339961461471806665692299647376493046434869218747142788001052432686024703932272811182984947030716682693476872337703868189963304620838357096148799073
102437923385592417386411583798900636083948807929839920766083023512379187898796449899935331540048241051703434205968109608108062664921470345266212936086043483667516094606501018007504753841865065248471265558772114058994296525961596140176533658169642910948696364021980184259164244569515822266144253527933843365283,65537,57357859477206758753250217115285376836544020260210350373562760437772047532450898355555288252340056054340437029803099778432541427772987408485114495357595216729571888166958878712021633269065922637610799482032269798819635465133104075125056207847472472518430138340897468414501340540442140344805747978951488532033
172611549461554540275995154538587828784679909524892442023708453279757552297892033380621473066753377968938521420404671097420736608764165819579245717352737325523344976551663465977420372556738954387866383209058997810152988743183729818258943656958312364182597062607806325870235746733475635164080225008816486800941,65537,145665110617219820933277202449168232582594672874615887186829115111925647914723237227041994437186052488672259421043086191219483023090940305745605695926012389023354539159214023955433594442085251128340905341662402983568228121992137716105157595766744390288757273002059920568170932597480573013219056314204042089473
96387858530677988979531525675549716445791430682794179324279921611418283231020786646272172364962885843766559136180019974476368409627703969809728207894643677820793633342401789721055181167758080446301561156270694890213829528808877202888061435077406375217275916030585251878792020682372242372982288207397017160979,65537,50636092304388551239395927452942630689719596059903883301884941653715001806015146610990808586802984523475881784328576341627582708623712101203581653359597061889279256945965628304839811867711819957720435936051526278356345346442405190354379980390060803706624016178787162658969505741267981589570950895801609540865
104853884348134622992249142737015548609819030397788861804940147946568765989554428669938493713084672884895947993237225446652821848024800452533797642496964880047594649425271770375418427550805553015777142568332435349178174430345030866103820221444474831123942191779055219125165172311131763959580438207837175491931,65537,86365221645736836958429604255410475449084350518074378581449778389363696185088386926956525765995143613524698546209601703400613030474796728996245291610897029400758770740812230887404359209160831956796368599100531793852797632738492922262068757580983048903070976463832761833790616481138507417361259805842578017849
123869970707946004978002080914599522253928072056593943724976872829405544053867950878235701838355853506625882365152158751051170726956116582142910369784529807808018742829686219279443055198770270887161510301598120952469459021030101728996151693882346679036093529696464067035914684570889409085467615281939441368313,65537,60643117783304813612450932544134239765587106396933284776780795042975370873984973433757915276616988262509596650531867701107417379104734738209794130265368938652688798508617361275628447037835163636830149178545284011282331426443600017388025761255737465133853706772033393891361861036272649033187249531108693742213
105715366304676835722170109022978519762294654235356936722778458440752526583693008592339184952385242434541253195113316471842528768183680493121642485656264265980529462103544296739384920097995600326069824134169187842926690863150056026462505614482348157532022380281689157113106155643968984742837526843660544405423,65537,8515364125950058986180875010029504033220218803247772540084951738845729707421996618077705072915173029158235433678734114391209688683364348737188922858011917804856792116210741579232450640426020426497486129894399963115052129358900076758301258565843392857699262989276238517186706840672932134081839581602622163689
123106762549512846165567821719882887154193761966965850134155346362249598633545123636562679930163676575292724012413707784491845515382447759519483758236478119256639120349706406760095641929165102877790660333219274859846106831286183603800842798405261002137770555266681001671145844964171053370037536863705432245581,65537,115221107283283770556323368730272920871432796211174119678638857294566857356653864820530665490277396851425612984992361899277435831180004625191351623001091281742641691255216461981867716836675619394489097420234621640919973174849857448422962395586080289207601668574661879706904706298792334578757894356756773147777
91619554798470341783101189943602957958797686840246602589459703259112446095743046603857311280498371052905151927213984236933634113351916659470611877779337618278875860132396704933740524723530259411786714811667495553946748166384355857730504797002198916176579401431145374133486883497372424297403050317543658071629,65537,77576824311102372800522624354950872683363615028746577824653216553315956768618843434109738278795422531818860960144016559743674935046226700449260590850670712540887138485251724749411482062434854757619017182808415518247017325860393106617433204510272054695534054550148087366829940433736181036255332253960790393217
91213099256520347713516582322593095524259351234951545594514678453421120187048856734664774618899784456212390702833707376896451907465291532341419884055493083827658008031478630458759406124572564647181939812625014350836106109107854363722026422071120687838012397197750370398891305283707596054773600386648405334081,65537,88494952517304572821707407577395355079031792558755498040520947171556960281570937128903139133132793610690276491889748536743885104357433156726686299026387041429016316624091681236280876406552060746516004289022521522671865011192429268399346917798824335350301820401090902352304978810104914577182341690343437672321
151934509168620812078740115837358314286566207877634393717907089439735592149548550409085490248275365273552435020311854602693592552546862660503530706727291671352407427465348545300588085559245251804746475007862854028123162222411630251163591336564542338105537459805256559346574557187656626052831637654628706638171,65537,146669647024764091993432292728783910030271414736506363625999205341933746935827678871190360041616022390353057875628267898958036321916319225466780145378816514622953785382543101918657407632092326640263204856154354031634335756116079895251886381529482168693281922663879621210369949677284285439846584567182116892049
91494572333132071528581668717241744406372955293968137624960474727979467714180224732325102427127623042610895276195098991099439470670171983004989366695218536887682934451187783272179816929433291070149311768793368568171527311556281422637787050034423178528640706186227792844529668660311146020846644607521433115387,65537,82628099517963208347813214591737032278492908311775000281839428982867582833078578223101355146741161441627911680682410377148960503396322672477124346860716731904922443681461634628563897501554945083207670068985853926631149044282545998900717190619736158423672342288717530715959382765081493888892562630422107911921
168852071713396230307738975038579288627752165271901079240076701192449411903677554332111994795987636831789551579571902043532848897472153869874581613764523392839165648238694722273523411464633231080422139967520443018172166343831994013217846313224616433311027776125743774068591449943516058752233760363186941388633,65537,62398772065043308387981296618083705254673385884617425852807080369561199122559267106663722812518494536355206214896194448820087392585533280047797286127508201273711358329275959109115965701743549962042730226978916358778371641470438995475240395338473425315347500838214521894221839565552686045496200456655604866433
152102696938566015794163420679874457579272058664006419348102523972853232667256125630492069853563405123518204007090269649568144679973050478525552041099401319485169421363051417276100610761519845431068502184152286848175144168271191290668958563603781949706766218269063043234114116578585801646736048019693100128667,65537,4627809904260198597640445257422061864489807055190637352642269752992498068854367983081330962479293068286544986650868939396659604374113289503333241843496146381259869676668334493558164663796882578773526457744616453383400136600629249944794753941968425283263425543299590935073706076422094990108803835142332847105
127962842117063364013358452870374007659822378396929987062389259828536630115292622562769368055350950657029115838651077013328021232610240528455459008870554974200443558265064902022215063174571851697745912390175467005966875001742904875380285760861205684137391088899745396332191082926636216532443185339531501106099,65537,27237768703679355600444793285345948194981799268156511886725516496148526635462900113685897803868742262623497657036216554555837102627719538153312672220882469399076528165491105774128412071472310412198837805156955994067284508098509322909373680905057581933527594861963864359407357908699183158176338242915776279473
111823233600585057900595343380466755806921863269092701010487349900250808481363318605194429321349513780689412359458052091978538680646888826298268177843393589977074748396677375939870094182156042395869415249543860145630364190157418912342436639849417524125342926839837337926805240192721081895623506245714263622313,65537,62382612015670389274816765328489937883285323450589716368531180855136332283856818156530105595585082828566849341198801326499951976793733347243404202088728266824198873461657518456781421592539560527732778223090240707120014088309360123256954325794134119393266372997493526120398647106062119202884049821662075309457
105010747801485666013779671006266887796576679811591668279479311051421456558448772863931329261767148159080990464653168951212389830778785174914426134120455057592696623372449175437071176041385339300396740900392212893303825666331441669371742559247491434610860072069017728691146948013291641265947620937972291002453,65537,82772253992845973037213028439533925718228758193191668828010776359832302407744429995345600302186052758011593533775629059641570927542769497623165894260867765841713373318159341146030727493848978209562164924836018171857939770376053470927143395110273117217455960854411197839733896205027569499126491066337520066745
159911849036852646774645890160112447601680807446182128258353370355961446485922565083095017370639692207090640577806501590646086212255713147274622245416616870817617250544834580335070337487751029201014323720195588763925583515703685467084291096469916313014791774761400379581320764704720298635119374601764771521767,65537,116542863505305292703318913769587421377223254132047499763549323715027947091064886645160250159053109219025440070765703884432137811556367045383184761349534975106136244537004020098115873631733117814034214864199038150008752299007680420182487174887475893962285729797895393455754401735290967437466993341967183538297
145242519604632328052683093241630916085452072804244655718175441789945758167985010027929255094317316934479293417042978119460929426101904203252396143164285910847639446055346911151952254157284672813723494718484930722633959904083267962032809150506320991577885799545735631258575538335054083144389861547390414701243,65537,128605572617861879501612827880614646084483326744134113116647403559371841043809910919339223234558095453069768176617849768410481630173695788863337428582024919567598762166352397966542323287723208356263909444819544752229162359955242743299827922321043807002602892280503710721086698130798416065751944539170870832273
148507088964796226372628696939446034719078636817653730581226931088362760912775793825442804660983724597480945061896486110782894917937609886908176572115331971333030708500250979353366900750592913059203890954303078756342984469564119968436587102833670462291408246596948238455855344901211002984163074551643032111961,65537,21053441011519015811344633157825245412132987696611392203338258033507460085762239657478814991610842504771281269665688884985334645811653469937041183381638819173018841036715488057129965326086382727482342622763840646076946231383376830232168517125025652005535936727069328263342531032867032149945172006876791688909
110444315512198021966651305340020237247746882387144746686460351714837728795485588764090464050530645764534928017983792173994365168001675812308498113024989614001562865279097683848793099760205449175607735443267551269224784359490067111344015781335015406703897946502365902559261205825357067736981719596885356549199,65537,39216773216417598748583891947565664296387043960377273908488622377527027279242948809514460364677947687359694674863067087004636645323511876165083216080401718340835191836595357086997696249268363377088872382545970063338334196128465212605647673507104187147258584559122020503549514721634147259070117402228478005553
125905175804716131952129519904844475151045234334723243057111716484401387889408305626128626555895824589820079657904311619823141457447202554708080692424060765336579363671998026206360226709405255020971968267982997398049255042359066936014419281577418978712567705370440206375671275389080438211577403272552653117689,65537,55562956720997298752147488818345543896097323152247823911649679786408546935890672678317471615264950162301850006346163246235331144731800239365047356099324727545999735147425751475779380671203732409333984548488989472575298830708591835679463803854464171868681252702578251318509727419733846567561501882206067142473
90189548021174773801669550102942454872572533881598961835754445674191235643657484074514259029908260795861743505162580366419515765157715979026118163300451844588487887254384520395038242931983387693261041148148300410395691512806903330579960590439047913955747184275974513534381657377749693815251228843746185696451,65537,30338873852553810263387199621121951876355861299017817608847559536341608267086880600374465638850687665068098895506572573631454667724598417285042037767074383003856248643784121059495599161258619326284408706991605473658085298180765717173603303724627197444779016404977795585050805143655982223349598393449727974705
98492012390112131651795575425771805633220100948207851249347701571053487952012118858962841717741215100728570735461586133050831530244842844609408977115316707674257073806027372025811470939108665511000376089518566992400417390474826397838779587354076649156951987729337016298656261411799644735316104662816250918381,65537,34120613535943144132663483901715413813519525946077956799444439270476194980888401156200197725858622574224353723513738064982926881954909622717121936614460967072141064001438763433043901992900254884363085731703521379836175643984050481048843553810221776768351694732178927553081189172448340414313149224467055716673
155758693019437978635153635721601320563545649342970523060905902373858660661104850476788775086952205550178357029796338613977313407476145988962966148535577658318355653656264132939175199241285461105599582851582763890669026870027007462668369928962604812682141472177139323545251929346821855062166105702578747785361,65537,43371536520007380138134469052344515296155523671511803642804397705426655147542646388313751873930616279127894737884757974372827446679466380099564647877720643821077728143631881252237942773977641185140300152060776128193391586680092258720415178565006691820808467490339536221221109131238392755842272401049241023473
104707128969419101740086520701685185460590961313069392748307716844952659981058789450869670744171996990523399576029328245563817381097156337911853197868529093688837842363134339385758208109993558459900295547997313386361072965820667974902304418050731200709068305017147215872295097262565447601903494813384295339357,65537,40184837692278090955744940547916227241173441856452406524641587104753792572799955327040816005575691110451264875357273967871906476789533793294763732730993355215189049026103927553977873399111799606173286487827973562339300833199171518143035667848919653059284754978903772475743378222367889062158584929496433113089
95682959699303104061388298050167159855488065641568632555630726213290835044823870599923197333221681443567643480528661955058457120302215581631982495673705399376724170598671209646260499871036429901537622011270459082616902553818769610802431249474272330912290788663010673639274110061373774872117170925160483992737,65537,30214365182676621428360023012164264052509658947651904279090862855853240631286601493284870665593827875469313240299993273417073868267609922057370293101534408878249409195600795069106379394923159725609594088779422565057127987003087146740039606344710269696986483114457717222454027792166299077146023132229885015373
115257982663317760390911114354719349533979700371540483138926556731787073708863202745711403687628893868179711059966582037250929654046946714374590867006148917459723159382169381021537170259956453108422113167964217369710566005313881727505875028628781712136590060961533183972193644761242578048426711709508919933687,65537,74381206322571392617501482681820958682730937447761313363104197482554930732909048276959856379824777412160957925602737700588840178651167498325509925827490001349887031921793090440553341304383496090646168940121965354517563399982059602115294073602236842379221628937816736290773188777513556300602810556235243451265
146617440767265645115617924337994526753574914299326326514676012427410363556784434638840668871052235868274735617975864835110681566674346574852963720048191360573286998349994702500748969099355615721189975749573823977744977566331368968449494828816680125284594942468622849769874172208836126434130639986086967276369,65537,99688315922141037068403111349329937472562036424889468689350490772623186903433394990718833710638076663416424601934854159521063988449408477279217252776034558783039770211203533060085761813627025690290296129795148789874335914334678100013676053963766971378377659358878093473737819232191155644145281310724261872193
106817678621186804982477467623789522822574051483077763464658476323839203931397472032556927011520972026970993104021055782685757999484534541975506840404704695384636752034904696279640879147782608421812272980422309465462055542279878701458600040275314584526097147974980664090467996273333839775022371169662550652833,65537,103955603096539597610317764965026161636123038552911833491605997809035937957923953853678278861129119685860459147772509557585491111358821697998684692205411740611433523708985769677324138016704444322888784101488211566934614102368155907119583438630722726629232270323619012205369107753106294007020874116528059043057
107872789916155064559993180836436886485355166584423092580386873434904947928329052401140111902640507259110269578627770091361062110396758502250479390854158636960204592495940031547642886133232175726459694980693494860199347358662053932771015505563966339406180719667832692160186565756305490962325981984681021261569,65537,36911169474797096644000291137175903374186941890164149276213064937024023945142118194234814065592159776699388060190850119760926161186006521704792703969012007604146588297681507782265550901411581288087684185556979544670559907044541602748355185204873409764887269145227679278128657644094352559916095895464360795073
106525989894408276296651371522119627779343039906599355734989228040658679357260512284778680581322886009253112230038313798517551374701525998471101801807871337663828079831286858889140697923700492489140959492605830277573343744605445677882204254236769484415004396125651954914000930470640876841679795912073877809117,65537,26266994166556872376732016476150162273436128063393893353028456065078417663508092810504348355801727847010548142841740558524858175003077042514808497642511535021713990595073852103853156101321703079030974340066400119862054695001289098954901746659202793745015249388078769415887209239690173767751030139122673863553
120342197131974132526954664185540244926464639252229099281960234327034041239796482945579571345461132589365038954944252133469108383231894113133766234217426287143438324133810823544694581427539714910825779295420925164033485472486537572067022155487693140152698869875409475415553822318727938420642530094492710545439,65537,78317821228860471587151431743556723474657725082729195927108136690454688083350775807740883736748138701329146535046268485658344777045386816901418456823671726555762316984181931202011627761093418829786114658467606654141526701466010993622578825186006981972225007278832023004517328881545810634001929539241768237825
107420134712427845300036924197495358902109732692816688946410180397561245527991368225862637239883093204204956857892502881352080152665645889235215378207158363897332606502074617321815756903643440498586287556707285049436830811171409811365268811776614145130203595755947547381396016625931516220975718612586885518823,65537,76912010028624505437522813541103074921381770555224229246400526496103939532713840466154666674462887613319398135400579904551093414158151390916173224243469972346461445771737500416337943584669699920816152315045944151627929039822696331869703416357264359702380518347718331665174954516437573074461891428745816442209
94926499481007542038327056234508723601184289328281415780766541157159252940758085003784706776900112137091175498761731333650885129383722793164260547420320915697657333770449708532267702000867189476956178252730914321338460678012385011275659989937617170185533015548826876327794854343655597977337400472820982490817,65537,67184502676763566075739844307512590376693044786960117026642587317601885780614355475770173171486866981504143984841603158216925642634459893466760145690589732651097286715587381579583522481096302184393891319516607870845233045994170765873076979993515586756657128074638467686035687720866682439110627462750866161665
103047182005041498103481824468024468323597555260638877090518891456171288465231715291286000377461299378433295474276060004772690217143148739613025244828719653374671040334782603377011229449653627848431597305389069402840251842619437462824342641143447755650985392018493409241687693581797678916026220687868721754949,65537,20162259713606773733630581734798323959190860904636652897320959841654095121681893971041707475779883759245161479265787531336500093907664316158167481759342438011884349548094603866961693158211305839838029332372791183833346795656419131068254028954612105365846309701884675220768055811432282037374054559938016867617
100498980762718642190931509258866078303619932365616534709642333348472341739043764666983159935422516270634673580131530724725517633874063478316274823347063277232962177534737658219454950894070524576329365638646463768778364617066371761199661798299068175637904741677924640205120751890442350684348011172193446075319,65537,85155086450928924416812146431086137514355531443231331750936851140180624824310531390241266069150979614944444490566916896939632874966211743204312912294121031488630305560004041658061140483812776347119259891018855533288357009538944028484745161118730272048606906384294531928498562610682813140711626602866739908313
156674050934751532614087904730331374680914501520181618172340332818461683302787611943073161627817325061649541757076439665683448454592127800546763050993861225626221519489144232950110779272462698160947665284198995332946701121644292391011968213988526858141887066416150390577400558686103721176162276195335028682269,65537,2220885809823217019370548903588474404970773332808165208692863103107418767845487152221111237197953751045553264450982078053922572200681854932449499174496283228431552258415788039399365227134669190561401056291506748317737582821650774043854374359197654932764502980053550175187505468823146987473516779201673598305
101192991068126553843304946663839935808441651596109982066525284830109596605461286941869139306862125381566024386198065365987040305226062359222045620955961294213402622089293004315639073379606571861575567444651926541201201264822591613675297951366871387571123484476492927258807757374580055618762967047568919501041,65537,46227580749632129873425802190651141159481431971801223020426636900203720230875772002878071344555673463825094284120174542507072336209516471195642499337339990581092188894784307283066494310972161090482091195290611956514604697606856852973787149618634456529288544175895209618168740528536066075448323271425332899537
95185548914063260320644382288419196990444213615295167840111109976561596132245677295730441491520073666824514537849656714195668768720783504816642207501186916954132498659956993178858344403156399598247782159075548426932207286416656677573231604418723420620836952472545631851501264951397052149357675769954182944609,65537,29737768192249343959369420744852267549313292854008705945134427525979197717437939524697205998731609752174068620206474529245408212758564509530810813073556163239841809433432215880829194978435304571744186398756249677403155075579034959848020723340354590056314123945310449202262876790017486951797432149048396386973
132941451971904353108248433965005046874733741398214925572637856774909806516793210656329003649889446959414140948618259269316934859075852486185551703922487965733816946914894037964622688960750326477020327612159861462326129974561142742520128153906531477070908429661287877964891342267946865584464227186814841155717,65537,34774483286606898779845017371287692731946236916392243604249977549968396678477592967048356036590853856985162858876097756288817222166674385014250149588834244909644671389121237649856664133312616780240585019164846273301701884180356106821120944877184253123017241554336934747796028951447677346775647694279023893653
91677659842373472880706423230960532886402597435427774522795800793153397015309125111202202452621984571146864612238927821079772865381438083090383792087421155358142345692869216602543140656640619266133205209246196944203082946309999001276312261782823349249634295308126604878036470210110612215384353581011573300149,65537,57436151112623593130734165912995842345282882159714802235858717743657557228002157070675362474666311617967241620976214007441817508883477520387080058331648349955111393156736821088667815163338421126744799548572579903517389465659107782913551586963622218733789284436251766778338401087806498405477856474874420224325
101819545071480032993464330095362929312141420060112362552706322721529488090360725490124343180968130250171918670599809352043134940502202982512045039467187702353655766690448897549954137213703514473748529797283452176146671310206462065797239047459583423730606826209281909266353138684705232810709759238957763205117,65537,20094511435593981212711409516050843458248579078344954716522019288039769885114143514186921200278343480106254422471854588390159868783366546772217069329856810651319200209477731186060311699377961107184627109344279057780799984612827666502381173330145717726349856997836183814962298167120774771162347069347845554153
108374248107506115364004378186669952957691928328747918949976534112687644045146530748138300460654907372708257884346475097903864770400701029108422453789855987872278598001206041697324181368611505637919781754141739417457734975747997522278397221897375472676086051639496525935292825575486659782595788878890535670729,65537,64764597511794513148774455218898159933900001113804602677507834635754025650062771819748180989998770881366539817819395108250375570025229348383834535390103783310959427684303287969174306839591804141880296826010437262981492281338909399593127337768440992298330229475217876888355692140228784081408438735810222582273
132809229740050246285909359711644479724046864359304119525075441460153412190408975276282947483730337423957045617299879317848693659795723748261035905217135856201362526735771536014977213161468150109748276344952446261917979953312282795098448731353093338064788327354782030737476294844138292254737751883951648022097,65537,121655499778513457059096336292005326018488875109970004843811190276902967698045714829197158647646113593426817210787244687556809534743987118411809597031506946484339368020014400865123301051433821263703888794130570950274372155920002795988994591752134504473030334134256139896441445016061101000613169092289272604673
134047476868616729164269364157459714311553931586904972573296794907499951569747806469242975064528692493078265085531818916061848039245186852982472308633972261320103133185063418070412944154776068684987496753018900589195151654856395056506350135320729611551761955129447614532742762600483214678346197524879418429169,65537,114661450871687523387090899572806721769250985715402076040808169823451482140599848678750811589520636777232318574695641189183379453317148020070256690354848439981512758977089595692716429771094338986886483444932603390820211391713820108623231672611925876426726770043243128074873748264940482870129475984869802805053
105416954243770795709249334214221389448014685248244871082273244072638977153978417012331691787142303234039508594251837304904491186541328328313278940234583856636361020621092873801350610924315897367144075587508609083807485392036781378817899924269905497165935292842920821517864144623426449255496877208488683390313,65537,90010640440166165022718212510392827442840742966668213999617444574222264103628152609870289160576409458376441726440614671790750603592874131011226840909988061486304482262073370538214952627584510761627387213909842360518867491897696607918294274255360681736711546352410675519761915239055940095821409170521804021633
145596133285900902853240292314087541688731920890985404082315900308792828723000974397704861029275897398472206683906849789625396161469959036653156211594525178483691450061404312253238082201357804736926121273357886458509542815777341860641118072045088451201619224859746088477278880505395095901407879316982903740809,65537,24044233800041281590256186333145695770284657213530296296487556480187753257992272241731536550648534988535707965575534969148964137137637771849445490568122587011757350983988352478847282526816016201924348562107854707935782505649980420464233018300481187611410516725695916289040442480193961782030295709759691442033
135848426604354485931331692182428206215965325735336337648656245175355250333372375688825122083248022130015244682569721197234761416805996640083787666661490428973150817858460097818304089859879016504617911226536109945411059681952950049974173975009465492228158386195431171156218558653538009797186289388131333059683,65537,22855253547455827423880605429047002483135231724946495245648774879891770910718583614522877093701156476578849930116022184730922675461234401232339628107190267371737919971310841603284004890112086304815902358589490195101891075018082006777541650293507696128713452764072839798309664038768643483351534143350557472177
119818717206968885094531304737332511079361256412377522834066681493179291271097234610157738285260670217345076557644604479459369794683359460523519882789290620427981982652915212489168038110573448467378339053060203787039771347851491941877042033364984931321528653516612803467637979516232791589687259854733702311957,65537,35652910634498073275072935497241578017892547130594535495783059276416213117440028871212995015042927352616786516786356286585244523950137980677619668085678601509350899949853595882780914979806735414009887411481996746211335414075551879533630445349193886230668694466627455108439412430724985697283698393281185174813
97724925543311576171987813575240036173060332948773838342676530702421114882233107057844366258733246486274699902111343580868827474320220346889966120972084247354275265820599763747549320353656859604907588869281979632607826930073558813002235892175907864088048428542112753151104383078129667870054022498324658341987,65537,96561835351148629601132411365973709850296290351461730771269727004542230136087543124415637362356971523134881693715371107409900678312319895685697140375439081802160256708023817447102473670724233984792125723269323434777112648845931608110728869221530075983256005477237801789941752196091818428420797332398260404329
99928126509559600466211629211880827391062757796082201922705213050077152271934729121204613987730701126257330659531938309215299705485241015323646229829562762178838700184615149575409588716431529641021337181864198447550015196030620415673627743275649365452079572048707508189695670449756397526259648688613966575131,65537,33532498561091211582051759305852925156541376160816634644309825677057184991140707735073803665382510324986667315629741783973371852892738764499406855397514968913382777922508287177470870441409519236445121146886146859242490598945721342432375160432121705373677871100108350312224150185887588077168092030451215687297
101159152304767425698432204837332766796803484542532695580059316158030261461070099627915105726998479389826045092952617393565742984722581563684540821232095418888891114055676739137963263545582370364719068235391501784272871429167328459752010927322001422203679106722742521350025333413602328146484055595793818288863,65537,31136341613008964572512846727477250588600636132138632150402925454930595452838946697198582674291061938318369495323865878252104421743807548448121772497436122676846492804353045009935061196415332321473453815244759119955148772506730828149567877604526434157899157123133914224096055101955750932109348301538992835553
118038106561472532998297412267296634641436507510032591577839232117909415129736448845236538210335837780406608018110182732241108381566179022850096820013009883357957907898305776855418161407175838049736956821913592428301197992805846126982074721191071638942040434923113484860600504084915378839787309026288053792347,65537,91515239215938796011054668579788658357355850635400857693540888706274246489113610666879987533841559019488840807607862654804201565157988957841162512569915151160582463209935273692698850911885293990191967701726250240043353873167517543238237431151907192701339606254093045667767683493764043906254510849993870577561
109025679949418905662992364036658334678475678863728591899697700045488241681939608878865244203630009757756932306030500995277782051530745682826075283794419375535493854158604154041429214957060464587390942736005845644523739800044158884109673794724700491643754852522178310952003088104999079076870861239716507039079,65537,79480597386871340706177978494276900925180165541180721351173490014393269799319906211842848655215084245485038295698906664195593223308733028493544048770315750116897925658076289492972579528158612488787110329053555632644594599220339151689971794163443969016681177866931840936274227508966619310710668455981822148833
108895755377142021921310559991178406097616937355812934181735872798723838351443430199579402856800285946999902225940433177952645399761718082005203543252822626226467906250151901064319342099114695743390575483176670647821648991524567831573434309185459738323868126326642915933482508358548584370301066097098982808701,65537,1892553296222969665507617495917606917393009927953231488060136398030829178666921998219645999265995173621509813316846260733449244096138012045164209168146432344808344400000943616937049755050984033388497041014249378422889515222772065281207848338418734499174251036094297942520366362837511268411456049774574722273
103657525859956154555676138090473799338819483434628082073938772582106727003009463326687642901396252341503856147807259990741093036338277352227281481070111497374465655520492061208636757916850092123151153284830080831298650025481622971883235979041998459435313418681302888259060677476691545134833459046242885415679,65537,77548995115944432272835208364373260625025852156794098968296046808683534872782611149541406098165284530935716723789461790225915003306006356404834049405819134996812431070248194554970654756835471265451200108519894837050540287387120604819417988682304361950405651589900550570752961198973337767008127841584841150433
103329367633597213268883716224400682381620512472499418114800117078137488045569984288355304903662262136795697969987069312043101846044146557789699470267149422100605184285683324275141079923467416961343050954329502215893315576611647926505599969277972331442077351945899421611060129228996031138960962519921219144811,65537,6336584349595300366627151921904669766570530229137359986013727673482682522165277123684330537067894952893509164920244008195389265899437340979245342423190292030218655766346281822247551790041125014131392966308092174610408851256775339425981009935568762455847318766760356790794046736319159331434989865525918195217
111153315248679289186995352654979548696975015486654877716390835696617099992078611732207900829637631553316939022984747016995376019876088193499889913434504517630137185086671207816796263450221361666198209982395036853263565425109541657598593048428035233216728227765918804908798318891703330975770712051858908978121,65537,58579494871204570993936745431593430160746144313800949409439294965064894893364102272284796172465235763309485586994677467995228532744864887243735538325168962719446132863289204595557411292734693342633780207585108940395497663076765605794617485095477527747717132879802560597290604480046397935065110078524308917597
113032454864546848968979264318383190612366090685487752467098744878340448480989777837547871810964039108268915443795343530544576921388045396662230649665651160916387689118105940570211266726852780385719814636115955535571831332348311236983590464203927390069047705409425346955070265268511797858265820245870257293757,65537,86968606078166148271370056658902183295368419714294519403595743022877414508657850488401230389976069579542244247575876184868246811129471735457725840528449369934415396124050050766445566818917170293711876054402370309301493568570113856377839977676140967573131092124620540504753824658409246719270649137175373919873
105528874664502675147470104213709700681651753676701441376826971470056354021819467188442123691158324389753645481154229575612746748226485467765838572113432833023889683523658735650811764601860118931151551553840560327740610176944927750448462001108224974178434797942507161386540797529289821694232339630873229820379,65537,60280131100604576755431143038961752212007187552695350098156682545020822881133307500595378831838549702531661080496356842587222290715270915227763422812800227833502149716936668536995825163244359275626383482840528059275652990746766531417456468641566158641987267997072282918945359491363593951440826524302466007873
105833201020757157050475079998952804110292235442478328297884779958686255861156875175409315238108984969099243713609724314352733000808811470365085890021685487028894533443553194134303292167228964586593926309199648489267747122290816274579784011188177593359780129877393545936960027219751584776446617156443689790719,65537,83262276952412210164067551531898112210303609555124320720187668869033726783362810077423505709399259426076216578020315022781435120950033102095363323063786041672194259515257405361633752251723445573530678732584472905605698825443137485319828013295414666982247262385208083485155618877549012704814483861070301293953
